CCCCCCTCCCCCCCTCCCCCCTCCCCCC,7.1
CCCCCACCCCCAGCCCCCTTTCCCCC,7.1
CCCCCCCCCCCCCCCCCCCCCCCC,7
CCCCCAGGCCCCGCCAGTCCCCCCCCCCGCCCGGCCCCCGGCCCGCCCCC,6.9
CCCCCGCCCCCGCCCCCGCCCCCGCCCCC,7
CCCCCTCTTCCCCTCTCCCCCTCTCCCCCTCTCTCCCTCTTCCCCCTCTCCTTGTCTCCTTCTCTCCCCC,6
CCCCCGAAACGCGCCCCCCTCCCCCCTCCCCCCTCTCCCCC,7.1
CCCCCACCCCCACCCCCATCCCCACGCCCCGCCCCCGCCCCC,7.1
CCCCCGGGACAGGGACCCTGGCCCCCCCCGACAGGCTGACGCCCACCCCCTCAAACTCTGGTGGACTTACCCCC,6.4
CCCCCACCCCCACCCCCACCCCCC,7.1
CCCCCCCCCCCTCCCCCGCGGCCCCC,7.1
CCCCCCCCGCCCCCGCCCCCGCCCTCCCCCC,7.1
CCCCCGCCCCCGCCCCCGCCCCC,6.7
CCCCCGTTTCCCCCGCCAGCCCCAGCGCCCCCCTGCCCGGCCCCC,7.1
CCCCCGACGCGCCCCCCAACACACAAACCCCCAGAATCCGCCCCC,7
CCCCCGCCTCTTCTGGAGGCCCCCGCCCCCACCCCC,7
CCCCCGCCCCCGAGCCCCCGCCCCC,7.1
CCCCCCGCCCCCCCCGCCCCCCCGCGCCGCCCCCCCCCGCCCCCCGCCCCCGTCCCCCCGCCCCCCCCGCCCCCCCCGCCCCCCGTCCCCCCGCCCCCCCGCCCCCCCGTCCCCCC,6.8
CCCCCCCCGCACCCCTTCCCCCGGCCCCCCC,6.7
CCCCCCTCCCCCTGCCTCTCCCTCCCCCCTTTCCCC,6.5
CCCCCCTTTCCCCTGCCCCCCCTGCCTCCCCC,6.7
CCCCCCTCCCCCCACCCCCCACCCCCCC,7.1
CCCCCGCCTCCGGCGCAGCCCCCTCGCCACCCCCGCTTCCCTCCCGTCTCAGGCCCCCTCCCCCCGCCGCCCCCGCCCCC,6.6
CCCCCCGCACCGAGGCCTAGGACTCCCCCCCCCAACCCCGTCACAGCCCCCCAGACCCCCGCCCCGTGGCTCGGCCCCC,6.5
CCCCCCCCCGCCCCCCACCCCCCCACCCCCCCCCCC,7.2
CCCCCTGCAGGCCCCCCTGCGCCTCCCCCCCCCCGCCACTGGCGCCTGGCTTCCCCC,6.9
CCCCCGCCCCCGCCCCCGCCCCGCAGGGCCCCC,7
CCCCCCGTGTCGCTGTTCCCCCCGTGTCGCTGTTCCCCCCGTGTCGCTGTTCCCCCC,6.6
CCCCCGCCCCCCCCCCCCCCCCC,6.9
CCCCCGCCCCTCCCTCCTTTCCCCCGTCCCTCCCCCGCCCCCTCCCCC,7.1
CCCCCCATCCCTCCCCTCCCTCCCCCCGCCCCTGCCACCCCCCAAACTCCCCCCCCCC,7.1
CCCCCAGCCCCCGCCGACCCCCAGCTCCCGCCTCCGCCGACCCCCAGCCCCC,7
CCCCCGCCCCCGCCCCCGCCCCC,6.7
CCCCGCCCCGCCCCGCCCCA,7.1
CCCCACCTTCCCCACCCTCCCCACCC,6.6
CCCGCTCCCGCCCCCTTCCTCCCGCGCCCGCCCC,6.6
CCCGCCCCCGGCCCGCCCC,5.8
CCCGCCCCGCCCCGCCC,6.4
CCGCCCAAAACCCCCC,5.9
TAACCCTAACCCTAACCCTAACCC,6.5
TCCCCACCTTCCCCACCCTCCCCACCCTCCCCA,6.6
GCGTCCACCCTCCCTGCCCCGCCGCCCCCCCTTCTCCCAGC,6.6
CAGCCCCGCTCCCGCCCCCTTCCTCCCGCGCCCGCCCCT,6.6
GCCCGGCCCCCGCTCCTCCCCCGCCGGCCCGGCCCGGCCCCCTCCTTCTCCCCG,6.9
GACCCCGCCCCCGGCCCGCCCCGG,6
GCCGCCCAAAACCCCCCG,5.9
CCGCCCCCGCCCCGCCCCGCCCCTA,6.4
GCTCCCTCCCTCCCTCCTTCCCTCCCTCCC,6.6
CCCTCCTCCCAGCGCCCACCCT,6.8
CGCGCTCCCGCCCCCTCTCCCCTCCCCGCGC,7.2
CCCCCGCCCCCGCCCCCGCCCCCGCCCCC,7
CCCCCCCCGCCCCCGCCCCCGCCCTCCCCCC,7.1
ACCCCCTGCATCTGCATGCCCCCTCCCACCCCCT,6.5
CTTCTCCCCACCTTCCCCACCCTCCCCACCCTCCCC,6.9
CTTCTCCCCACCTTCCCCACCCTCCCCACCCTCCCCATAAGCGCCCCTCCCG,6.5
GCGTCCACCCTCCCTGCCCCGCCGCCCCCCCTTCTCCCAGC,6.6
GCGCCCACCCTCCCTGCCCCGCCGCCCCCCCTTCTCCCAGC,6.6
GCGTCCACCCTCCCTGCCCCGAAGCCCCCCCTTCTCCCAGC,6.4
GCGTCCACCCTCCCTGCCCCGCCGCCACACCTTCTCCCAGC,6.2
CCCTTTTTTTCCCTTTTTTTCCCTTTTTTTCCCT,5.6
CCCTTTTTTTTCCCTTTTTTTTCCCTTTTTTTTCCCT,5.4
CCCTTTCCCTTTCCCTTTTTTTTCCC,6.5
CCCTTTCCCTTTTTTTTCCCTTTCCC,6.6
CCCTTTTTTTTCCCTTTCCCTTTCCC,6.5
CCCCCCCCCCTTTCCCCCCCCCCTTTCCCCCCCCCCTTTCCCCCCCCCC,7.3Â 
CCCCCTCCCCCTCCCCCTCCCCC,6.9
CCCCCTTCCCCCTTCCCCCTTCCCCC,7.1
CCCCCTTTTCCCCCTTTTCCCCCTTTTCCCCC,6.7
TACCCACCCCCACCCTGCCCTG,6.1
AACCCCCAGGGCTACCCACCCCCACCCTGCCCTG,6.2
GTCCCCACTCCACCCACACCAGGTCCCCGCAGGCCCCTGCTCCCTC,6.4
CCGCCCCAGCTCCGCCCCCGCGCGCCCCGGCCCCGCCCCCGC,6.7
CGCCCCTCCCTGCGCCCCCCTCCCCCCAC,6.5
GGCCCGGGGCCCGCCCTCCCTT,5.7
GGCCCGGGGCCCGCCCTCCCTTCCTGTCCCCTC,6.1
GGCCCGGGGCCCGCCCTCCCTTCCTGTCCCCTCCCGA,6.3
GGCCCCGCCCAGGCCCCGCCCAA,5.1
GGCCCCGCCCAGGCCCCGCCCAAACAGCACCCTA,5.8
GTCCCGGGCCCTCACCCGCGCCCAC,5.3
GTCCCGGGCCCTCACCCGCGCCCACTGCAACCCGA,5.7
TTCCCTAGCCCCGACCCGAGAGCTCCCTCTCCCGG,5.9
CGCCCCGCCCCGCCCCCGTCGCCCTGCCTCCCTG,6.6
CGCCCCTCTAGCCCCGCCCCGCCCCGCCCAG,6.5
GGCCCCGCCCCTCCCCCGCCACCCCCGCCCCCGCCCCGCCCCTC,6.5
CACCCCTAAGGGGCAGGAACTTTTCTTCCCAGCCCCCTCCCCCGACCCCAC,6.3
CGCCCACCGGCGGCCTTGTTCCCATCTCCCTCACTCCCAACCCGG,6
GACCCGCCCCGCCGCCCCGGCCCGGCCCCGC,5.8
TCCCTAACCCTAACCCTAACCCAA,6.3
CCCGTTGCCCTTTCCCGTTGCCC,7.6
CCCGTTGCCCTTTCCCTTTTCCC,7.4
CCCGTTGCCCTTTCCCATTACCC,7.1
CCCCGTTGCCCTTTCCCCTTTTCCC,7.9
CCCCCCCCCCCCCCCCCCCCC,7.5
CCCCTCCCTTCCCCTCCC,6.6
CCCCTCCCTTTCCCCTCCC,6.4
CCCCTCCCCTCCCCTCCCC,6.9
CCCCTCCCCTTCCCCTCCCC,6.2
CCCTCCCTCCCTCCC,6.3
CCCTTCCCTTCCCTTCCC,6.1
CCCTTTCCCTTTCCCTTTCCC,6.2
CCCTTTTCCCTTTTCCCTTTTCCC,6.2
CCCTCCCTCCCTTCCC,6.1
CCCTCCCTTCCCTCCC,6.3
CCCTTCCCTCCCTCCC,6.1
CCCTCCCTCCCTTTCCC,6.1
CCCTCCCTTTCCCTCCC,6.1
CCCTTTCCCTCCCTCCC,6.1
CCCTCCCTCCCTTTTCCC,6.1
CCCTCCCTTTTCCCTCCC,6.1
CCCTTTTCCCTCCCTCCC,6.1
CCCTCCCTCCCTTTTTCCC,6
CCCTCCCTTTTTCCCTCCC,6.1
CCCTTTTTCCCTCCCTCCC,6.3
CCCTCCCTCCCTTTTTTCCC,6
CCCTCCCTTTTTTCCCTCCC,6
CCCTTTTTTCCCTCCCTCCC,6.1
CCCTTCCCTTCCCTCCC,6.1
CCCTTCCCTCCCTTCCC,6.2
CCCTCCCTTCCCTTCCC,6.1
CCCTTCCCTTCCCTTTCCC,6.2
CCCTTCCCTTTCCCTTCCC,6.2
CCCTTTCCCTTCCCTTCCC,6.2
CCCTTCCCTTCCCTTTTCCC,6
CCCTTCCCTTTTCCCTTCCC,6.1
CCCTTTTCCCTTCCCTTCCC,6.1
CCCTTCCCTTCCCTTTTTCCC,5.9
CCCTTCCCTTTTTCCCTTCCC,6.1
CCCTTTTTCCCTTCCCTTCCC,5.9
CCCTTCCCTTCCCTTTTTTCCC,5.9
CCCTTCCCTTTTTTCCCTTCCC,6.1
CCCTTTTTTCCCTTCCCTTCCC,5.8
CCCTTTCCCTTTCCCTCCC,6.1
CCCTTTCCCTCCCTTTCCC,6
CCCTCCCTTTCCCTTTCCC,6.1
CCCTTTCCCTTTCCCTTCCC,6.3
CCCTTTCCCTTCCCTTTCCC,6.3
CCCTTCCCTTTCCCTTTCCC,6.3
CCCTTTCCCTTTCCCTTTTCCC,6.2
CCCTTTCCCTTTTCCCTTTCCC,6.2
CCCTTTTCCCTTTCCCTTTCCC,6.2
CCCTTTCCCTTTCCCTTTTTCCC,6.1
CCCTTTCCCTTTTTCCCTTTCCC,6.2
CCCTTTTTCCCTTTCCCTTTCCC,6.1
CCCTTTCCCTTTCCCTTTTTTCCC,6.1
CCCTTTCCCTTTTTTCCCTTTCCC,6.2
CCCTTTTTTCCCTTTCCCTTTCCC,6.2
CCCCTCCCCTCCCCTCCCC,6.2
CCCCTTCCCCTTCCCCTTCCCC,6.3
CCCCTTTCCCCTTTCCCCTTTCCCC,6.4
CCCCTTTTCCCCTTTTCCCCTTTTCCCC,6.5
CCCCTCCCCTCCCCTTCCCC,6.3
CCCCTCCCCTTCCCCTCCCC,6.3
CCCCTTCCCCTCCCCTCCCC,6.3
CCCCTCCCCTCCCCTTTCCCC,6.2
CCCCTCCCCTTTCCCCTCCCC,6.4
CCCCTTTCCCCTCCCCTCCCC,6.3
CCCCTCCCCTCCCCTTTTCCCC,6.3
CCCCTCCCCTTTTCCCCTCCCC,6.3
CCCCTTTTCCCCTCCCCTCCCC,6.3
CCCCTCCCCTCCCCTTTTTCCCC,6.3
CCCCTCCCCTTTTTCCCCTCCCC,6.3
CCCCTTTTTCCCCTCCCCTCCCC,6.3
CCCCTCCCCTCCCCTTTTTTCCCC,6.1
CCCCTCCCCTTTTTTCCCCTCCCC,6.3
CCCCTTTTTTCCCCTCCCCTCCCC,6.2
CCCCTTCCCCTTCCCCTCCCC,6.3
CCCCTTCCCCTCCCCTTCCCC,6.2
CCCCTCCCCTTCCCCTTCCCC,6.3
CCCCTTCCCCTTCCCCTTTCCCC,6.4
CCCCTTCCCCTTTCCCCTTCCCC,6.4
CCCCTTTCCCCTTCCCCTTCCCC,6.3
CCCCTTCCCCTTCCCCTTTTCCCC,6.3
CCCCTTCCCCTTTTCCCCTTCCCC,6.3
CCCCTTTTCCCCTTCCCCTTCCCC,6.3
CCCCTTCCCCTTCCCCTTTTTCCCC,6.3
CCCCTTCCCCTTTTTCCCCTTCCCC,6.4
CCCCTTTTTCCCCTTCCCCTTCCCC,6.3
CCCCTTCCCCTTCCCCTTTTTTCCCC,6.2
CCCCTTCCCCTTTTTTCCCCTTCCCC,6.3
CCCCTTTTTTCCCCTTCCCCTTCCCC,6.2
CCCCTTTCCCCTTTCCCCTCCCC,6.4
CCCCTTTCCCCTCCCCTTTCCCC,6.3
CCCCTCCCCTTTCCCCTTTCCCC,6.3
CCCCTTTCCCCTTTCCCCTTCCCC,6.4
CCCCTTTCCCCTTCCCCTTTCCCC,6.4
CCCCTTCCCCTTTCCCCTTTCCCC,6.3
CCCCTTTCCCCTTTCCCCTTTTCCCC,6.4
CCCCTTTCCCCTTTTCCCCTTTCCCC,6.4
CCCCTTTTCCCCTTTCCCCTTTCCCC,6.3
CCCCTTTCCCCTTTCCCCTTTTTCCCC,6.4
CCCCTTTCCCCTTTTTCCCCTTTCCCC,6.5
CCCCTTTTTCCCCTTTCCCCTTTCCCC,6.3
CCCCTTTCCCCTTTCCCCTTTTTTCCCC,6.3
CCCCTTTCCCCTTTTTTCCCCTTTCCCC,6.4
CCCCTTTTTTCCCCTTTCCCCTTTCCCC,6.3
CCCCCTCCCCCTCCCCCTCCCCC,6.4
CCCCCTTCCCCCTTCCCCCTTCCCCC,6.5
CCCCCTTTCCCCCTTTCCCCCTTTCCCCC,6.6
CCCCCTTTTCCCCCTTTTCCCCCTTTTCCCCC,6.7
CCCCCTCCCCCTCCCCCTTCCCCC,6.4
CCCCCTCCCCCTTCCCCCTCCCCC,6.4
CCCCCTTCCCCCTCCCCCTCCCCC,6.4
CCCCCTCCCCCTCCCCCTTTCCCCC,6.6
CCCCCTCCCCCTTTCCCCCTCCCCC,6.8
CCCCCTTTCCCCCTCCCCCTCCCCC,6.6
CCCCCTCCCCCTCCCCCTTTTCCCCC,6.4
CCCCCTCCCCCTTTTCCCCCTCCCCC,6.6
CCCCCTTTTCCCCCTCCCCCTCCCCC,6.4
CCCCCTCCCCCTCCCCCTTTTTCCCCC,6.3
CCCCCTCCCCCTTTTTCCCCCTCCCCC,6.5
CCCCCTTTTTCCCCCTCCCCCTCCCCC,6.4
CCCCCTCCCCCTCCCCCTTTTTTCCCCC,6.4
CCCCCTCCCCCTTTTTTCCCCCTCCCCC,6.4
CCCCCTTTTTTCCCCCTCCCCCTCCCCC,6.3
CCCCCTTCCCCCTTCCCCCTCCCCC,6.7
CCCCCTTCCCCCTCCCCCTTCCCCC,6.6
CCCCCTCCCCCTTCCCCCTTCCCCC,6.8
CCCCCTTCCCCCTTCCCCCTTTCCCCC,6.6
CCCCCTTCCCCCTTTCCCCCTTCCCCC,6.5
CCCCCTTTCCCCCTTCCCCCTTCCCCC,6.5
CCCCCTTCCCCCTTCCCCCTTTTCCCCC,6.5
CCCCCTTCCCCCTTTTCCCCCTTCCCCC,6.4
CCCCCTTTTCCCCCTTCCCCCTTCCCCC,6.5
CCCCCTTCCCCCTTCCCCCTTTTTCCCCC,6.6
CCCCCTTCCCCCTTTTTCCCCCTTCCCCC,6.6
CCCCCTTTTTCCCCCTTCCCCCTTCCCCC,6.5
CCCCCTTCCCCCTTCCCCCTTTTTTCCCCC,6.4
CCCCCTTCCCCCTTTTTTCCCCCTTCCCCC,6.5
CCCCCTTTTTTCCCCCTTCCCCCTTCCCCC,6.4
CCCCCTTTCCCCCTTTCCCCCTCCCCC,6.5
CCCCCTTTCCCCCTCCCCCTTTCCCCC,6.4
CCCCCTCCCCCTTTCCCCCTTTCCCCC,6.4
CCCCCTTTCCCCCTTTCCCCCTTCCCCC,6.5
CCCCCTTTCCCCCTTCCCCCTTTCCCCC,6.6
CCCCCTTCCCCCTTTCCCCCTTTCCCCC,6.5
CCCCCTTTCCCCCTTTCCCCCTTTTCCCCC,6.7
CCCCCTTTCCCCCTTTTCCCCCTTTCCCCC,6.5
CCCCCTTTTCCCCCTTTCCCCCTTTCCCCC,6.6
CCCCCTTTCCCCCTTTCCCCCTTTTTCCCCC,6.5
CCCCCTTTCCCCCTTTTTCCCCCTTTCCCCC,6.7
CCCCCTTTTTCCCCCTTTCCCCCTTTCCCCC,6.6
CCCCCTTTCCCCCTTTCCCCCTTTTTTCCCCC,6.7
CCCCCTTTCCCCCTTTTTTCCCCCTTTCCCCC,6.8
CCCCCTTTTTTCCCCCTTTCCCCCTTTCCCCC,6.7
CCCCCCTCCCCCCTCCCCCCTCCCCCC,6.6
CCCCCCTTCCCCCCTTCCCCCCTTCCCCCC,6.7
CCCCCCTTTCCCCCCTTTCCCCCCTTTCCCCCC,6.8
CCCCCCTTTTCCCCCCTTTTCCCCCCTTTTCCCCCC,6.8
CCCCCCTCCCCCCTCCCCCCTTCCCCCC,6.7
CCCCCCTCCCCCCTTCCCCCCTCCCCCC,6.7
CCCCCCTTCCCCCCTCCCCCCTCCCCCC,6.6
CCCCCCTCCCCCCTCCCCCCTTTCCCCCC,6.5
CCCCCCTCCCCCCTTTCCCCCCTCCCCCC,6.7
CCCCCCTTTCCCCCCTCCCCCCTCCCCCC,6.6
CCCCCCTCCCCCCTCCCCCCTTTTCCCCCC,6.6
CCCCCCTCCCCCCTTTTCCCCCCTCCCCCC,6.7
CCCCCCTTTTCCCCCCTCCCCCCTCCCCCC,6.6
CCCCCCTCCCCCCTCCCCCCTTTTTCCCCCC,6.6
CCCCCCTCCCCCCTTTTTCCCCCCTCCCCCC,6.6
CCCCCCTTTTTCCCCCCTCCCCCCTCCCCCC,6.5
CCCCCCTCCCCCCTCCCCCCTTTTTTCCCCCC,6.6
CCCCCCTCCCCCCTTTTTTCCCCCCTCCCCCC,6.6
CCCCCCTTTTTTCCCCCCTCCCCCCTCCCCCC,6.5
CCCCCCTTCCCCCCTTCCCCCCTCCCCCC,6.7
CCCCCCTTCCCCCCTCCCCCCTTCCCCCC,6.6
CCCCCCTCCCCCCTTCCCCCCTTCCCCCC,6.7
CCCCCCTTCCCCCCTTCCCCCCTTTCCCCCC,6.9
CCCCCCTTCCCCCCTTTCCCCCCTTCCCCCC,6.8
CCCCCCTTTCCCCCCTTCCCCCCTTCCCCCC,6.8
CCCCCCTTCCCCCCTTCCCCCCTTTTCCCCCC,6.9
CCCCCCTTCCCCCCTTTTCCCCCCTTCCCCCC,6.8
CCCCCCTTTTCCCCCCTTCCCCCCTTCCCCCC,6.8
CCCCCCTTCCCCCCTTCCCCCCTTTTTCCCCCC,6.7
CCCCCCTTCCCCCCTTTTTCCCCCCTTCCCCCC,6.8
CCCCCCTTTTTCCCCCCTTCCCCCCTTCCCCCC,6.7
CCCCCCTTCCCCCCTTCCCCCCTTTTTTCCCCCC,6.7
CCCCCCTTCCCCCCTTTTTTCCCCCCTTCCCCCC,6.7
CCCCCCTTTTTTCCCCCCTTCCCCCCTTCCCCCC,6.7
CCCCCCTTTCCCCCCTTTCCCCCCTCCCCCC,6.8
CCCCCCTTTCCCCCCTCCCCCCTTTCCCCCC,6.7
CCCCCCTCCCCCCTTTCCCCCCTTTCCCCCC,6.7
CCCCCCTTTCCCCCCTTTCCCCCCTTCCCCCC,6.8
CCCCCCTTTCCCCCCTTCCCCCCTTTCCCCCC,6.8
CCCCCCTTCCCCCCTTTCCCCCCTTTCCCCCC,6.7
CCCCCCTTTCCCCCCTTTCCCCCCTTTTCCCCCC,6.8
CCCCCCTTTCCCCCCTTTTCCCCCCTTTCCCCCC,6.8
CCCCCCTTTTCCCCCCTTTCCCCCCTTTCCCCCC,6.8
CCCCCCTTTCCCCCCTTTCCCCCCTTTTTCCCCCC,6.8
CCCCCCTTTCCCCCCTTTTTCCCCCCTTTCCCCCC,6.9
CCCCCCTTTTTCCCCCCTTTCCCCCCTTTCCCCCC,6.8
CCCCCCTTTCCCCCCTTTCCCCCCTTTTTTCCCCCC,6.8
CCCCCCTTTCCCCCCTTTTTTCCCCCCTTTCCCCCC,6.8
CCCCCCTTTTTTCCCCCCTTTCCCCCCTTTCCCCCC,6.7
TCGTTCCGTTTCGTTCCGT,7.8
TCGTTCCGTTTTCGTTCCGT,7.9
TCGTTCCGTTTTTCGTTCCGTTTTTCGTTCCGTTTTTCGTTCCGT,7.6
TCGTTCCGTTTTTCGTTCCGTTTTTTTTCGTTCCGTTTTTCGTTCCGT,7.5
TTCCCTTTCCCTTTCCCTTTCCCTT,6.5
TTCCCTCTCCCTTTCCCTCTCCCTT,6.4
TTCCCTGTCCCTTTCCCTGTCCCTT,6.2
TTCCCTGTCCCTTTCCCTCTCCCTT,6.3
TTCCCTTTCCCTTTCCCTATCCCTT,6.3
TTCCCTCTCCCTTTCCCTATCCCTT,6.3
TTCCCTTTCCCTTTCCCTGTCCCTT,6.4